{
  "Total" : {
    "transaction" : "Total",
    "sampleCount" : 1000,
    "errorCount" : 0,
    "errorPct" : 0.0,
    "meanResTime" : 1207.652000000001,
    "medianResTime" : 1107.5,
    "minResTime" : 397.0,
    "maxResTime" : 6536.0,
    "pct1ResTime" : 1853.8,
    "pct2ResTime" : 2021.8999999999999,
    "pct3ResTime" : 3552.92,
    "throughput" : 81.53946510110893,
    "receivedKBytesPerSec" : 37.266083659491194,
    "sentKBytesPerSec" : 25.640339611872147
  },
  "HTTP Request" : {
    "transaction" : "HTTP Request",
    "sampleCount" : 1000,
    "errorCount" : 0,
    "errorPct" : 0.0,
    "meanResTime" : 1207.652000000001,
    "medianResTime" : 1107.5,
    "minResTime" : 397.0,
    "maxResTime" : 6536.0,
    "pct1ResTime" : 1853.8,
    "pct2ResTime" : 2021.8999999999999,
    "pct3ResTime" : 3552.92,
    "throughput" : 81.53946510110893,
    "receivedKBytesPerSec" : 37.266083659491194,
    "sentKBytesPerSec" : 25.640339611872147
  }
}