{
  "Total" : {
    "transaction" : "Total",
    "sampleCount" : 800,
    "errorCount" : 0,
    "errorPct" : 0.0,
    "meanResTime" : 1950.202500000001,
    "medianResTime" : 1889.5,
    "minResTime" : 514.0,
    "maxResTime" : 6693.0,
    "pct1ResTime" : 2956.7,
    "pct2ResTime" : 3256.0,
    "pct3ResTime" : 4381.87,
    "throughput" : 90.67210699308626,
    "receivedKBytesPerSec" : 41.43998639918395,
    "sentKBytesPerSec" : 28.512127394310323
  },
  "HTTP Request" : {
    "transaction" : "HTTP Request",
    "sampleCount" : 800,
    "errorCount" : 0,
    "errorPct" : 0.0,
    "meanResTime" : 1950.202500000001,
    "medianResTime" : 1889.5,
    "minResTime" : 514.0,
    "maxResTime" : 6693.0,
    "pct1ResTime" : 2956.7,
    "pct2ResTime" : 3256.0,
    "pct3ResTime" : 4381.87,
    "throughput" : 90.67210699308626,
    "receivedKBytesPerSec" : 41.43998639918395,
    "sentKBytesPerSec" : 28.512127394310323
  }
}