{
  "Total" : {
    "transaction" : "Total",
    "sampleCount" : 1500,
    "errorCount" : 3,
    "errorPct" : 0.2,
    "meanResTime" : 1083.661333333334,
    "medianResTime" : 610.0,
    "minResTime" : 440.0,
    "maxResTime" : 21007.0,
    "pct1ResTime" : 2266.3000000000006,
    "pct2ResTime" : 2988.8,
    "pct3ResTime" : 3776.170000000001,
    "throughput" : 21.47397354406459,
    "receivedKBytesPerSec" : 9.915537381714195,
    "sentKBytesPerSec" : 6.73905297092424
  },
  "HTTP Request" : {
    "transaction" : "HTTP Request",
    "sampleCount" : 1500,
    "errorCount" : 3,
    "errorPct" : 0.2,
    "meanResTime" : 1083.661333333334,
    "medianResTime" : 610.0,
    "minResTime" : 440.0,
    "maxResTime" : 21007.0,
    "pct1ResTime" : 2266.3000000000006,
    "pct2ResTime" : 2988.8,
    "pct3ResTime" : 3776.170000000001,
    "throughput" : 21.47397354406459,
    "receivedKBytesPerSec" : 9.915537381714195,
    "sentKBytesPerSec" : 6.73905297092424
  }
}