{
  "Total" : {
    "transaction" : "Total",
    "sampleCount" : 500,
    "errorCount" : 0,
    "errorPct" : 0.0,
    "meanResTime" : 1803.920000000001,
    "medianResTime" : 1802.5,
    "minResTime" : 403.0,
    "maxResTime" : 3994.0,
    "pct1ResTime" : 3473.5000000000005,
    "pct2ResTime" : 3815.85,
    "pct3ResTime" : 3929.5000000000005,
    "throughput" : 96.06147934678194,
    "receivedKBytesPerSec" : 43.903097982708935,
    "sentKBytesPerSec" : 30.20683237271854
  },
  "HTTP Request" : {
    "transaction" : "HTTP Request",
    "sampleCount" : 500,
    "errorCount" : 0,
    "errorPct" : 0.0,
    "meanResTime" : 1803.920000000001,
    "medianResTime" : 1802.5,
    "minResTime" : 403.0,
    "maxResTime" : 3994.0,
    "pct1ResTime" : 3473.5000000000005,
    "pct2ResTime" : 3815.85,
    "pct3ResTime" : 3929.5000000000005,
    "throughput" : 96.06147934678194,
    "receivedKBytesPerSec" : 43.903097982708935,
    "sentKBytesPerSec" : 30.20683237271854
  }
}