{
  "Total" : {
    "transaction" : "Total",
    "sampleCount" : 400,
    "errorCount" : 0,
    "errorPct" : 0.0,
    "meanResTime" : 1491.3375000000003,
    "medianResTime" : 1831.5,
    "minResTime" : 394.0,
    "maxResTime" : 3540.0,
    "pct1ResTime" : 2258.9,
    "pct2ResTime" : 2310.8,
    "pct3ResTime" : 3424.98,
    "throughput" : 54.28881650380022,
    "receivedKBytesPerSec" : 24.811685667752442,
    "sentKBytesPerSec" : 17.071288002171553
  },
  "HTTP Request" : {
    "transaction" : "HTTP Request",
    "sampleCount" : 400,
    "errorCount" : 0,
    "errorPct" : 0.0,
    "meanResTime" : 1491.3375000000003,
    "medianResTime" : 1831.5,
    "minResTime" : 394.0,
    "maxResTime" : 3540.0,
    "pct1ResTime" : 2258.9,
    "pct2ResTime" : 2310.8,
    "pct3ResTime" : 3424.98,
    "throughput" : 54.28881650380022,
    "receivedKBytesPerSec" : 24.811685667752442,
    "sentKBytesPerSec" : 17.071288002171553
  }
}